{"errors": {"kernels=(70, 0, 0)_R=15": 2.054275850737404, "kernels=(70, 0, 0)_R=20": 2.2023012547802683, "kernels=(70, 0, 0)_R=25": 2.101695438588783, "kernels=(70, 0, 0)_R=30": 2.106379921839181, "kernels=(70, 0, 10)_R=15": 1.9472016983840414, "kernels=(70, 0, 10)_R=20": 2.025830847324521, "kernels=(70, 0, 10)_R=25": 2.2912008355409395, "kernels=(70, 0, 10)_R=30": 2.5758819451477515, "kernels=(70, 0, 20)_R=15": 2.2758432725060476, "kernels=(70, 0, 20)_R=20": 2.1259539676953834, "kernels=(70, 0, 20)_R=25": 2.0551119609320603, "kernels=(70, 0, 20)_R=30": 2.240164571128343, "kernels=(70, 0, 30)_R=15": 2.471440698510778, "kernels=(70, 0, 30)_R=20": 2.1167664299196858, "kernels=(70, 0, 30)_R=25": 1.974096560067153, "kernels=(70, 0, 30)_R=30": 2.059028625067776, "kernels=(70, 10, 0)_R=15": 1.894463463861068, "kernels=(70, 10, 0)_R=20": 2.214211873670891, "kernels=(70, 10, 0)_R=25": 2.5932782653528723, "kernels=(70, 10, 0)_R=30": 2.842749146415807, "kernels=(70, 10, 10)_R=15": 1.9602431397977655, "kernels=(70, 10, 10)_R=20": 2.0307608927973435, "kernels=(70, 10, 10)_R=25": 2.290675521968247, "kernels=(70, 10, 10)_R=30": 2.5679913943205905, "kernels=(70, 10, 20)_R=15": 2.2685304600635345, "kernels=(70, 10, 20)_R=20": 2.1324552567838895, "kernels=(70, 10, 20)_R=25": 2.066656741736633, "kernels=(70, 10, 20)_R=30": 2.2629110985354224, "kernels=(70, 10, 30)_R=15": 2.4749070513554075, "kernels=(70, 10, 30)_R=20": 2.1220888857180005, "kernels=(70, 10, 30)_R=25": 2.0029174208181475, "kernels=(70, 10, 30)_R=30": 2.0657967794492667, "kernels=(70, 20, 0)_R=15": 1.7423669731530569, "kernels=(70, 20, 0)_R=20": 1.7887247939038957, "kernels=(70, 20, 0)_R=25": 2.0324680970794433, "kernels=(70, 20, 0)_R=30": 2.2754850838341474, "kernels=(70, 20, 10)_R=15": 1.8264987006558413, "kernels=(70, 20, 10)_R=20": 1.815492504752907, "kernels=(70, 20, 10)_R=25": 1.9799043318063054, "kernels=(70, 20, 10)_R=30": 2.157303241821885, "kernels=(70, 20, 20)_R=15": 2.1915080190265255, "kernels=(70, 20, 20)_R=20": 2.0790242410439035, "kernels=(70, 20, 20)_R=25": 2.033254154769912, "kernels=(70, 20, 20)_R=30": 2.2144836723429426, "kernels=(70, 20, 30)_R=15": 2.4565817528666845, "kernels=(70, 20, 30)_R=20": 2.11748755069753, "kernels=(70, 20, 30)_R=25": 2.030854408936811, "kernels=(70, 20, 30)_R=30": 2.0766536165499407, "kernels=(70, 30, 0)_R=15": 1.6214450978393788, "kernels=(70, 30, 0)_R=20": 1.5835797195761008, "kernels=(70, 30, 0)_R=25": 1.6933377969897283, "kernels=(70, 30, 0)_R=30": 1.8356428220564445, "kernels=(70, 30, 10)_R=15": 1.6830352230334926, "kernels=(70, 30, 10)_R=20": 1.610273555415541, "kernels=(70, 30, 10)_R=25": 1.6965754080470978, "kernels=(70, 30, 10)_R=30": 1.8205724445844231, "kernels=(70, 30, 20)_R=15": 2.000699661043118, "kernels=(70, 30, 20)_R=20": 1.7975423230960836, "kernels=(70, 30, 20)_R=25": 1.7502037772007701, "kernels=(70, 30, 20)_R=30": 1.8716252910688043, "kernels=(70, 30, 30)_R=15": 2.3562456206064466, "kernels=(70, 30, 30)_R=20": 2.020815777937808, "kernels=(70, 30, 30)_R=25": 1.8960169884314877, "kernels=(70, 30, 30)_R=30": 2.018472060749178, "kernels=(80, 0, 0)_R=15": 2.125220166400989, "kernels=(80, 0, 0)_R=20": 2.2336619529912265, "kernels=(80, 0, 0)_R=25": 2.126702170143019, "kernels=(80, 0, 0)_R=30": 2.1092515683634185, "kernels=(80, 0, 10)_R=15": 2.0160694380791977, "kernels=(80, 0, 10)_R=20": 2.095078877409364, "kernels=(80, 0, 10)_R=25": 2.466712245545408, "kernels=(80, 0, 10)_R=30": 2.826557571735472, "kernels=(80, 0, 20)_R=15": 2.469852282367298, "kernels=(80, 0, 20)_R=20": 1.9514228129403022, "kernels=(80, 0, 20)_R=25": 2.095508636110817, "kernels=(80, 0, 20)_R=30": 2.2868485812322827, "kernels=(80, 0, 30)_R=15": 2.62966887458475, "kernels=(80, 0, 30)_R=20": 2.269352089264877, "kernels=(80, 0, 30)_R=25": 1.9111595473844263, "kernels=(80, 0, 30)_R=30": 2.0957628986603867, "kernels=(80, 10, 0)_R=15": 1.956062225317956, "kernels=(80, 10, 0)_R=20": 2.353091799585974, "kernels=(80, 10, 0)_R=25": 2.7817746526223455, "kernels=(80, 10, 0)_R=30": 3.0407586576838126, "kernels=(80, 10, 10)_R=15": 2.0260578200772814, "kernels=(80, 10, 10)_R=20": 2.1010192478837553, "kernels=(80, 10, 10)_R=25": 2.445028360682346, "kernels=(80, 10, 10)_R=30": 2.8180515143942735, "kernels=(80, 10, 20)_R=15": 2.4597322769357386, "kernels=(80, 10, 20)_R=20": 1.9554391133337279, "kernels=(80, 10, 20)_R=25": 2.106166947107038, "kernels=(80, 10, 20)_R=30": 2.3077408350280146, "kernels=(80, 10, 30)_R=15": 2.6369955224163575, "kernels=(80, 10, 30)_R=20": 2.278364190725913, "kernels=(80, 10, 30)_R=25": 1.9185086568455816, "kernels=(80, 10, 30)_R=30": 2.1037447134325173, "kernels=(80, 20, 0)_R=15": 1.779730414928202, "kernels=(80, 20, 0)_R=20": 1.8824940506038819, "kernels=(80, 20, 0)_R=25": 2.2174056039729786, "kernels=(80, 20, 0)_R=30": 2.488154858338608, "kernels=(80, 20, 10)_R=15": 1.8716243351128423, "kernels=(80, 20, 10)_R=20": 1.859742157754983, "kernels=(80, 20, 10)_R=25": 2.0948600454590283, "kernels=(80, 20, 10)_R=30": 2.318518093351483, "kernels=(80, 20, 20)_R=15": 2.3703315584919618, "kernels=(80, 20, 20)_R=20": 1.9227894131689482, "kernels=(80, 20, 20)_R=25": 2.0713110518539204, "kernels=(80, 20, 20)_R=30": 2.2611995997377057, "kernels=(80, 20, 30)_R=15": 2.6207809008203338, "kernels=(80, 20, 30)_R=20": 2.2766199092652646, "kernels=(80, 20, 30)_R=25": 1.9226665611604434, "kernels=(80, 20, 30)_R=30": 2.113114607544702, "kernels=(80, 30, 0)_R=15": 1.6497917665589652, "kernels=(80, 30, 0)_R=20": 1.5772034812983688, "kernels=(80, 30, 0)_R=25": 1.748019021498529, "kernels=(80, 30, 0)_R=30": 1.9338651438857557, "kernels=(80, 30, 10)_R=15": 1.7271164055187307, "kernels=(80, 30, 10)_R=20": 1.6038926641704467, "kernels=(80, 30, 10)_R=25": 1.7302989537968703, "kernels=(80, 30, 10)_R=30": 1.8811429450766655, "kernels=(80, 30, 20)_R=15": 2.1616304605341137, "kernels=(80, 30, 20)_R=20": 1.7052708568023236, "kernels=(80, 30, 20)_R=25": 1.7737274597420378, "kernels=(80, 30, 20)_R=30": 1.9005856162996355, "kernels=(80, 30, 30)_R=15": 2.528042486680447, "kernels=(80, 30, 30)_R=20": 2.1784282765596554, "kernels=(80, 30, 30)_R=25": 1.8721434120434506, "kernels=(80, 30, 30)_R=30": 2.050458612414955, "kernels=(90, 0, 0)_R=15": 2.134636446389945, "kernels=(90, 0, 0)_R=20": 2.318927264563414, "kernels=(90, 0, 0)_R=25": 2.347909443867982, "kernels=(90, 0, 0)_R=30": 2.3728122043201667, "kernels=(90, 0, 10)_R=15": 2.067309545805652, "kernels=(90, 0, 10)_R=20": 2.1388157062459743, "kernels=(90, 0, 10)_R=25": 2.5521918359100018, "kernels=(90, 0, 10)_R=30": 2.90770668391447, "kernels=(90, 0, 20)_R=15": 2.6164507522608433, "kernels=(90, 0, 20)_R=20": 1.936112403018733, "kernels=(90, 0, 20)_R=25": 2.140816366275751, "kernels=(90, 0, 20)_R=30": 2.3501080116838846, "kernels=(90, 0, 30)_R=15": 2.722037093503858, "kernels=(90, 0, 30)_R=20": 2.401638307838227, "kernels=(90, 0, 30)_R=25": 1.9586773614449515, "kernels=(90, 0, 30)_R=30": 2.1532358245084984, "kernels=(90, 10, 0)_R=15": 1.9871977292296372, "kernels=(90, 10, 0)_R=20": 2.4097236683771994, "kernels=(90, 10, 0)_R=25": 2.855921764826285, "kernels=(90, 10, 0)_R=30": 3.1026984024391426, "kernels=(90, 10, 10)_R=15": 2.075194489127722, "kernels=(90, 10, 10)_R=20": 2.1526095333625976, "kernels=(90, 10, 10)_R=25": 2.565361703472866, "kernels=(90, 10, 10)_R=30": 2.9026248010658326, "kernels=(90, 10, 20)_R=15": 2.609699084756868, "kernels=(90, 10, 20)_R=20": 1.9467875937348134, "kernels=(90, 10, 20)_R=25": 2.146164815437105, "kernels=(90, 10, 20)_R=30": 2.3826152947093595, "kernels=(90, 10, 30)_R=15": 2.7325077748622792, "kernels=(90, 10, 30)_R=20": 2.4150264492908926, "kernels=(90, 10, 30)_R=25": 1.9622135957541111, "kernels=(90, 10, 30)_R=30": 2.160879682425746, "kernels=(90, 20, 0)_R=15": 1.7979349626469348, "kernels=(90, 20, 0)_R=20": 1.9532268239679504, "kernels=(90, 20, 0)_R=25": 2.328109473454927, "kernels=(90, 20, 0)_R=30": 2.572298139784322, "kernels=(90, 20, 10)_R=15": 1.8977563192512188, "kernels=(90, 20, 10)_R=20": 1.9079997413942578,