{"errors": {"kernels=(50, 50, 0)_R=10": 2.170780019447479, "kernels=(50, 50, 0)_R=15": 1.5310102041368865, "kernels=(50, 50, 0)_R=20": 1.8697441170596183, "kernels=(50, 50, 10)_R=10": 2.1707801277753913, "kernels=(50, 50, 10)_R=15": 1.531010198647049, "kernels=(50, 50, 10)_R=20": 1.8697446765273762, "kernels=(50, 60, 0)_R=10": 2.1720783668906685, "kernels=(50, 60, 0)_R=15": 1.469291399940736, "kernels=(50, 60, 0)_R=20": 1.302877919742918, "kernels=(50, 60, 10)_R=10": 2.172077344214862, "kernels=(50, 60, 10)_R=15": 1.4692913736508801, "kernels=(50, 60, 10)_R=20": 1.2915142210044073, "kernels=(50, 70, 0)_R=10": 2.1748561585863793, "kernels=(50, 70, 0)_R=15": 1.4618043299127148, "kernels=(50, 70, 0)_R=20": 1.1987561762632224, "kernels=(50, 70, 10)_R=10": 2.1748562922510035, "kernels=(50, 70, 10)_R=15": 1.4618043219263228, "kernels=(50, 70, 10)_R=20": 1.198756178299868, "kernels=(50, 80, 0)_R=10": 2.1744202723196517, "kernels=(50, 80, 0)_R=15": 1.4585875567527553, "kernels=(50, 80, 0)_R=20": 1.1842065967755193, "kernels=(50, 80, 10)_R=10": 2.174420306588878, "kernels=(50, 80, 10)_R=15": 1.4585875486793205, "kernels=(50, 80, 10)_R=20": 1.1842066038058459, "kernels=(50, 90, 0)_R=10": 2.172712521876339, "kernels=(50, 90, 0)_R=15": 1.4577130960380729, "kernels=(50, 90, 0)_R=20": 1.178595700728478, "kernels=(50, 90, 10)_R=10": 2.172712864513093, "kernels=(50, 90, 10)_R=15": 1.4577130992047556, "kernels=(50, 90, 10)_R=20": 1.178595700150297, "kernels=(60, 50, 0)_R=10": 2.1626517411761066, "kernels=(60, 50, 0)_R=15": 1.4621972373940473, "kernels=(60, 50, 0)_R=20": 1.716163311497479, "kernels=(60, 50, 10)_R=10": 2.162651640480373, "kernels=(60, 50, 10)_R=15": 1.4621971586459401, "kernels=(60, 50, 10)_R=20": 1.7161632247816851, "kernels=(60, 60, 0)_R=10": 2.1626516469870496, "kernels=(60, 60, 0)_R=15": 1.4577010704981699, "kernels=(60, 60, 0)_R=20": 1.3545754757983706, "kernels=(60, 60, 10)_R=10": 2.162651629767509, "kernels=(60, 60, 10)_R=15": 1.4577010766268768, "kernels=(60, 60, 10)_R=20": 1.3383951459443835, "kernels=(60, 70, 0)_R=10": 2.165517431495335, "kernels=(60, 70, 0)_R=15": 1.4588002425195357, "kernels=(60, 70, 0)_R=20": 1.1986439618371298, "kernels=(60, 70, 10)_R=10": 2.1655169730787, "kernels=(60, 70, 10)_R=15": 1.4588002411752385, "kernels=(60, 70, 10)_R=20": 1.1986439621094114, "kernels=(60, 80, 0)_R=10": 2.1652665510444833, "kernels=(60, 80, 0)_R=15": 1.4579315159519437, "kernels=(60, 80, 0)_R=20": 1.1842066042941062, "kernels=(60, 80, 10)_R=10": 2.1652666449284634, "kernels=(60, 80, 10)_R=15": 1.4579315173689613, "kernels=(60, 80, 10)_R=20": 1.1842066045247057, "kernels=(60, 90, 0)_R=10": 2.162639816017126, "kernels=(60, 90, 0)_R=15": 1.459063504275595, "kernels=(60, 90, 0)_R=20": 1.1791742106914567, "kernels=(60, 90, 10)_R=10": 2.1626397681192113, "kernels=(60, 90, 10)_R=15": 1.4590635338113944, "kernels=(60, 90, 10)_R=20": 1.179174207538861, "kernels=(70, 50, 0)_R=10": 2.1655170195365425, "kernels=(70, 50, 0)_R=15": 1.4649671146714378, "kernels=(70, 50, 0)_R=20": 1.630460127606138, "kernels=(70, 50, 10)_R=10": 2.165517169756444, "kernels=(70, 50, 10)_R=15": 1.4649671588979547, "kernels=(70, 50, 10)_R=20": 1.630454086305272, "kernels=(70, 60, 0)_R=10": 2.1655173083167263, "kernels=(70, 60, 0)_R=15": 1.4599857588585319, "kernels=(70, 60, 0)_R=20": 1.4734062033469069, "kernels=(70, 60, 10)_R=10": 2.16551922389738, "kernels=(70, 60, 10)_R=15": 1.4599858153034153, "kernels=(70, 60, 10)_R=20": 1.4734062147481648, "kernels=(70, 70, 0)_R=10": 2.1655169156757244, "kernels=(70, 70, 0)_R=15": 1.4588002429115665, "kernels=(70, 70, 0)_R=20": 1.1986439613865767, "kernels=(70, 70, 10)_R=10": 2.1655170623217046, "kernels=(70, 70, 10)_R=15": 1.4588002422093047, "kernels=(70, 70, 10)_R=20": 1.1986439615404567, "kernels=(70, 80, 0)_R=10": 2.165266517492246, "kernels=(70, 80, 0)_R=15": 1.457931511012062, "kernels=(70, 80, 0)_R=20": 1.1842066037041579, "kernels=(70, 80, 10)_R=10": 2.165266506681994, "kernels=(70, 80, 10)_R=15": 1.457931515535936, "kernels=(70, 80, 10)_R=20": 1.1842066028536826, "kernels=(70, 90, 0)_R=10": 2.162639701278991, "kernels=(70, 90, 0)_R=15": 1.4590635529295892, "kernels=(70, 90, 0)_R=20": 1.1791742138898678, "kernels=(70, 90, 10)_R=10": 2.1626397784001266, "kernels=(70, 90, 10)_R=15": 1.4590635127350362, "kernels=(70, 90, 10)_R=20": 1.1791742123135243, "kernels=(80, 50, 0)_R=10": 2.1652663917183235, "kernels=(80, 50, 0)_R=15": 1.4683413427734846, "kernels=(80, 50, 0)_R=20": 1.5794568891602117, "kernels=(80, 50, 10)_R=10": 2.1652668595538263, "kernels=(80, 50, 10)_R=15": 1.468341234565705, "kernels=(80, 50, 10)_R=20": 1.579456904160337, "kernels=(80, 60, 0)_R=10": 2.1652667021920298, "kernels=(80, 60, 0)_R=15": 1.4601342683252185, "kernels=(80, 60, 0)_R=20": 1.375878396697963, "kernels=(80, 60, 10)_R=10": 2.165266349339261, "kernels=(80, 60, 10)_R=15": 1.4601343143063028, "kernels=(80, 60, 10)_R=20": 1.3758788558913804, "kernels=(80, 70, 0)_R=10": 2.1652665582170605, "kernels=(80, 70, 0)_R=15": 1.4582236564691375, "kernels=(80, 70, 0)_R=20": 1.1991364285365327, "kernels=(80, 70, 10)_R=10": 2.1652665556849113, "kernels=(80, 70, 10)_R=15": 1.4582238887574817, "kernels=(80, 70, 10)_R=20": 1.1991364273131808, "kernels=(80, 80, 0)_R=10": 2.165266183092257, "kernels=(80, 80, 0)_R=15": 1.4579315082992625, "kernels=(80, 80, 0)_R=20": 1.1842066037644075, "kernels=(80, 80, 10)_R=10": 2.1652681112198833, "kernels=(80, 80, 10)_R=15": 1.4579315165976938, "kernels=(80, 80, 10)_R=20": 1.1842066014161794, "kernels=(80, 90, 0)_R=10": 2.1626398238311113, "kernels=(80, 90, 0)_R=15": 1.4590635383891903, "kernels=(80, 90, 0)_R=20": 1.1791742277116033, "kernels=(80, 90, 10)_R=10": 2.1626397991016937, "kernels=(80, 90, 10)_R=15": 1.459063504634166, "kernels=(80, 90, 10)_R=20": 1.1791742847604016, "kernels=(90, 50, 0)_R=10": 2.1626397908341444, "kernels=(90, 50, 0)_R=15": 1.4674167468378285, "kernels=(90, 50, 0)_R=20": 1.5367108186074603, "kernels=(90, 50, 10)_R=10": 2.1626398147546166, "kernels=(90, 50, 10)_R=15": 1.4674167528211446, "kernels=(90, 50, 10)_R=20": 1.5367119319231421, "kernels=(90, 60, 0)_R=10": 2.162639821626637, "kernels=(90, 60, 0)_R=15": 1.4594659288637786, "kernels=(90, 60, 0)_R=20": 1.278129975831309, "kernels=(90, 60, 10)_R=10": 2.1626398183975484, "kernels=(90, 60, 10)_R=15": 1.4594656658617258, "kernels=(90, 60, 10)_R=20": 1.278129822532494, "kernels=(90, 70, 0)_R=10": 2.162639945123444, "kernels=(90, 70, 0)_R=15": 1.4573113435522773, "kernels=(90, 70, 0)_R=20": 1.1926710998884658, "kernels=(90, 70, 10)_R=10": 2.162639971028365, "kernels=(90, 70, 10)_R=15": 1.4573113919990108, "kernels=(90, 70, 10)_R=20": 1.1926710995577066, "kernels=(90, 80, 0)_R=10": 2.1626397985714645, "kernels=(90, 80, 0)_R=15": 1.4569312319820467, "kernels=(90, 80, 0)_R=20": 1.1832276537683384, "kernels=(90, 80, 10)_R=10": 2.1626397671502993, "kernels=(90, 80, 10)_R=15": 1.4569312282923794, "kernels=(90, 80, 10)_R=20": 1.1832276549569285, "kernels=(90, 90, 0)_R=10": 2.162639817793482, "kernels=(90, 90, 0)_R=15": 1.4590635160223786, "kernels=(90, 90, 0)_R=20": 1.1791742115834998, "kernels=(90, 90, 10)_R=10": 2.1626398108189377, "kernels=(90, 90, 10)_R=15": 1.4590635397623097, "kernels=(90, 90, 10)_R=20": 1.1791742092394595}, "best_params": "kernels=(50, 90, 10)_R=20", "best_params_error": 1.178595700150297}