{"errors": {"kernels=(50, 50, 0)_R=25": 1.5759963584511887, "kernels=(50, 50, 0)_R=30": 1.842066896056874, "kernels=(50, 50, 0)_R=35": 2.0324296756826543, "kernels=(50, 50, 0)_R=40": 2.1560430168380806, "kernels=(50, 50, 10)_R=25": 1.5615894061951863, "kernels=(50, 50, 10)_R=30": 1.8327735638247415, "kernels=(50, 50, 10)_R=35": 2.079631748209368, "kernels=(50, 50, 10)_R=40": 2.233079427564493, "kernels=(50, 60, 0)_R=25": 1.3279061349595407, "kernels=(50, 60, 0)_R=30": 1.4505715466664706, "kernels=(50, 60, 0)_R=35": 1.6336498492348985, "kernels=(50, 60, 0)_R=40": 1.7122336605056345, "kernels=(50, 60, 10)_R=25": 1.330142907907339, "kernels=(50, 60, 10)_R=30": 1.4335264302403417, "kernels=(50, 60, 10)_R=35": 1.6435964777979322, "kernels=(50, 60, 10)_R=40": 1.7727918645572802, "kernels=(50, 70, 0)_R=25": 1.2331627198270638, "kernels=(50, 70, 0)_R=30": 1.2071224139406047, "kernels=(50, 70, 0)_R=35": 1.2762119949307633, "kernels=(50, 70, 0)_R=40": 1.364518662880162, "kernels=(50, 70, 10)_R=25": 1.248055513827782, "kernels=(50, 70, 10)_R=30": 1.2210416339767847, "kernels=(50, 70, 10)_R=35": 1.2863542647131925, "kernels=(50, 70, 10)_R=40": 1.4223580622531062, "kernels=(50, 80, 0)_R=25": 1.2969127787348316, "kernels=(50, 80, 0)_R=30": 1.133377062770023, "kernels=(50, 80, 0)_R=35": 1.1605556726849038, "kernels=(50, 80, 0)_R=40": 1.2568297335399143, "kernels=(50, 80, 10)_R=25": 1.3048134904305972, "kernels=(50, 80, 10)_R=30": 1.230489790505328, "kernels=(50, 80, 10)_R=35": 1.2364721366350957, "kernels=(50, 80, 10)_R=40": 1.334451550174617, "kernels=(60, 50, 0)_R=25": 1.4780874932687387, "kernels=(60, 50, 0)_R=30": 1.6840461455947624, "kernels=(60, 50, 0)_R=35": 1.8369952193272834, "kernels=(60, 50, 0)_R=40": 1.9567183840268119, "kernels=(60, 50, 10)_R=25": 1.466205483773495, "kernels=(60, 50, 10)_R=30": 1.671253851562112, "kernels=(60, 50, 10)_R=35": 1.8885863052616458, "kernels=(60, 50, 10)_R=40": 2.043753663240383, "kernels=(60, 60, 0)_R=25": 1.3452444712575673, "kernels=(60, 60, 0)_R=30": 1.4516482146896843, "kernels=(60, 60, 0)_R=35": 1.6111404567659657, "kernels=(60, 60, 0)_R=40": 1.6865715712823222, "kernels=(60, 60, 10)_R=25": 1.3480842542272766, "kernels=(60, 60, 10)_R=30": 1.4400538893674155, "kernels=(60, 60, 10)_R=35": 1.6328062220323682, "kernels=(60, 60, 10)_R=40": 1.754089271010643, "kernels=(60, 70, 0)_R=25": 1.250781874225363, "kernels=(60, 70, 0)_R=30": 1.219152120973726, "kernels=(60, 70, 0)_R=35": 1.2793456267137058, "kernels=(60, 70, 0)_R=40": 1.3648884032652815, "kernels=(60, 70, 10)_R=25": 1.2648373114787739, "kernels=(60, 70, 10)_R=30": 1.2383509928185157, "kernels=(60, 70, 10)_R=35": 1.296084255830292, "kernels=(60, 70, 10)_R=40": 1.4285963487738487, "kernels=(60, 80, 0)_R=25": 1.311025353841536, "kernels=(60, 80, 0)_R=30": 1.122075163257699, "kernels=(60, 80, 0)_R=35": 1.166726956687223, "kernels=(60, 80, 0)_R=40": 1.2625928886384759, "kernels=(60, 80, 10)_R=25": 1.3176480956097603, "kernels=(60, 80, 10)_R=30": 1.2234183700463717, "kernels=(60, 80, 10)_R=35": 1.2480610081924852, "kernels=(60, 80, 10)_R=40": 1.344144217942848, "kernels=(70, 50, 0)_R=25": 1.385723717792898, "kernels=(70, 50, 0)_R=30": 1.5460406648973684, "kernels=(70, 50, 0)_R=35": 1.6873484472288236, "kernels=(70, 50, 0)_R=40": 1.802589787575538, "kernels=(70, 50, 10)_R=25": 1.3875031427581443, "kernels=(70, 50, 10)_R=30": 1.5532220788134112, "kernels=(70, 50, 10)_R=35": 1.7513314014950143, "kernels=(70, 50, 10)_R=40": 1.8934705873591726, "kernels=(70, 60, 0)_R=25": 1.3420734868061928, "kernels=(70, 60, 0)_R=30": 1.3821241519571952, "kernels=(70, 60, 0)_R=35": 1.5240303467399983, "kernels=(70, 60, 0)_R=40": 1.6081867062961173, "kernels=(70, 60, 10)_R=25": 1.3530778565482866, "kernels=(70, 60, 10)_R=30": 1.3790207985451828, "kernels=(70, 60, 10)_R=35": 1.5659021174227812, "kernels=(70, 60, 10)_R=40": 1.6936572317876937, "kernels=(70, 70, 0)_R=25": 1.2667279902412867, "kernels=(70, 70, 0)_R=30": 1.2317215537863186, "kernels=(70, 70, 0)_R=35": 1.27932404460084, "kernels=(70, 70, 0)_R=40": 1.3634381336767687, "kernels=(70, 70, 10)_R=25": 1.2772339095029004, "kernels=(70, 70, 10)_R=30": 1.2577250664108253, "kernels=(70, 70, 10)_R=35": 1.305572892737135, "kernels=(70, 70, 10)_R=40": 1.4331741180238904, "kernels=(70, 80, 0)_R=25": 1.324332054870863, "kernels=(70, 80, 0)_R=30": 1.1221629581024617, "kernels=(70, 80, 0)_R=35": 1.1736305298376468, "kernels=(70, 80, 0)_R=40": 1.269863457785172, "kernels=(70, 80, 10)_R=25": 1.328641162212541, "kernels=(70, 80, 10)_R=30": 1.2115312342268774, "kernels=(70, 80, 10)_R=35": 1.2597958651210925, "kernels=(70, 80, 10)_R=40": 1.3540329928363635, "kernels=(80, 50, 0)_R=25": 1.3880844968654054, "kernels=(80, 50, 0)_R=30": 1.5367995871522802, "kernels=(80, 50, 0)_R=35": 1.6712319608302493, "kernels=(80, 50, 0)_R=40": 1.772790712209095, "kernels=(80, 50, 10)_R=25": 1.39167738699013, "kernels=(80, 50, 10)_R=30": 1.5762264560752701, "kernels=(80, 50, 10)_R=35": 1.7411264310214776, "kernels=(80, 50, 10)_R=40": 1.868027111647604, "kernels=(80, 60, 0)_R=25": 1.3709468755723204, "kernels=(80, 60, 0)_R=30": 1.3660354637032863, "kernels=(80, 60, 0)_R=35": 1.4986863067726812, "kernels=(80, 60, 0)_R=40": 1.580648577962188, "kernels=(80, 60, 10)_R=25": 1.3883519158656863, "kernels=(80, 60, 10)_R=30": 1.4100409507712404, "kernels=(80, 60, 10)_R=35": 1.5763586635129307, "kernels=(80, 60, 10)_R=40": 1.686509198610196, "kernels=(80, 70, 0)_R=25": 1.3863371101282462, "kernels=(80, 70, 0)_R=30": 1.1963046784318117, "kernels=(80, 70, 0)_R=35": 1.3170199930053634, "kernels=(80, 70, 0)_R=40": 1.3987002684050327, "kernels=(80, 70, 10)_R=25": 1.394788223351226, "kernels=(80, 70, 10)_R=30": 1.2391345172466164, "kernels=(80, 70, 10)_R=35": 1.3870269862343947, "kernels=(80, 70, 10)_R=40": 1.4893830027278145, "kernels=(80, 80, 0)_R=25": 1.3430699384439908, "kernels=(80, 80, 0)_R=30": 1.1424937951239933, "kernels=(80, 80, 0)_R=35": 1.1843450265159428, "kernels=(80, 80, 0)_R=40": 1.2789315924001643, "kernels=(80, 80, 10)_R=25": 1.341319606482308, "kernels=(80, 80, 10)_R=30": 1.2216328688529645, "kernels=(80, 80, 10)_R=35": 1.2751175586332213, "kernels=(80, 80, 10)_R=40": 1.3656839181519282}, "best_params": "kernels=(60, 80, 0)_R=30", "best_params_error": 1.122075163257699}