{"errors": {"kernels=(50, 50, 0)_R=20": 1.8697441170596183, "kernels=(50, 50, 0)_R=25": 2.101641250197951, "kernels=(50, 50, 0)_R=30": 2.3120453658572955, "kernels=(50, 50, 0)_R=35": 2.536601080152948, "kernels=(50, 50, 0)_R=40": 2.77582786169858, "kernels=(50, 50, 10)_R=20": 1.8697446765273762, "kernels=(50, 50, 10)_R=25": 2.067003694218557, "kernels=(50, 50, 10)_R=30": 2.2685336992477128, "kernels=(50, 50, 10)_R=35": 2.4905598182455027, "kernels=(50, 50, 10)_R=40": 2.725226096940915, "kernels=(50, 60, 0)_R=20": 1.302877919742918, "kernels=(50, 60, 0)_R=25": 1.6175744313089773, "kernels=(50, 60, 0)_R=30": 1.7980603560880537, "kernels=(50, 60, 0)_R=35": 1.9905287970428196, "kernels=(50, 60, 0)_R=40": 2.1861485373859146, "kernels=(50, 60, 10)_R=20": 1.2915142210044073, "kernels=(50, 60, 10)_R=25": 1.587541296415452, "kernels=(50, 60, 10)_R=30": 1.7785456022910457, "kernels=(50, 60, 10)_R=35": 1.9884596882669716, "kernels=(50, 60, 10)_R=40": 2.2129629798007624, "kernels=(50, 70, 0)_R=20": 1.1987561762632224, "kernels=(50, 70, 0)_R=25": 1.477308221231094, "kernels=(50, 70, 0)_R=30": 1.7635058508650712, "kernels=(50, 70, 0)_R=35": 2.033649765355695, "kernels=(50, 70, 0)_R=40": 2.2850591329752517, "kernels=(50, 70, 10)_R=20": 1.198756178299868, "kernels=(50, 70, 10)_R=25": 1.4089028726688855, "kernels=(50, 70, 10)_R=30": 1.7027642343848626, "kernels=(50, 70, 10)_R=35": 1.987869087428192, "kernels=(50, 70, 10)_R=40": 2.2957010167119516, "kernels=(50, 80, 0)_R=20": 1.1842065967755193, "kernels=(50, 80, 0)_R=25": 1.3108993021252422, "kernels=(50, 80, 0)_R=30": 1.6750812518004454, "kernels=(50, 80, 0)_R=35": 1.916868035468029, "kernels=(50, 80, 0)_R=40": 2.1140061142875117, "kernels=(50, 80, 10)_R=20": 1.1842066038058459, "kernels=(50, 80, 10)_R=25": 1.292978344194545, "kernels=(50, 80, 10)_R=30": 1.653033071645059, "kernels=(50, 80, 10)_R=35": 1.875907379851218, "kernels=(50, 80, 10)_R=40": 2.0806434022538536, "kernels=(50, 90, 0)_R=20": 1.178595700728478, "kernels=(50, 90, 0)_R=25": 1.1820117635720815, "kernels=(50, 90, 0)_R=30": 1.4957343183632648, "kernels=(50, 90, 0)_R=35": 1.4790014458592662, "kernels=(50, 90, 0)_R=40": 1.6552534100695453, "kernels=(50, 90, 10)_R=20": 1.178595700150297, "kernels=(50, 90, 10)_R=25": 1.1818810667691224, "kernels=(50, 90, 10)_R=30": 1.4815595638856263, "kernels=(50, 90, 10)_R=35": 1.475266834825946, "kernels=(50, 90, 10)_R=40": 1.6484734482571113, "kernels=(60, 50, 0)_R=20": 1.716163311497479, "kernels=(60, 50, 0)_R=25": 2.280626366696887, "kernels=(60, 50, 0)_R=30": 2.56744802350576, "kernels=(60, 50, 0)_R=35": 2.871713794235692, "kernels=(60, 50, 0)_R=40": 3.157628320594484, "kernels=(60, 50, 10)_R=20": 1.7161632247816851, "kernels=(60, 50, 10)_R=25": 2.220271906882835, "kernels=(60, 50, 10)_R=30": 2.5122170219252706, "kernels=(60, 50, 10)_R=35": 2.8389926488220674, "kernels=(60, 50, 10)_R=40": 3.1730528062015115, "kernels=(60, 60, 0)_R=20": 1.3545754757983706, "kernels=(60, 60, 0)_R=25": 1.967289302523802, "kernels=(60, 60, 0)_R=30": 2.1945248702335935, "kernels=(60, 60, 0)_R=35": 2.4258302037618225, "kernels=(60, 60, 0)_R=40": 2.6836664594263953, "kernels=(60, 60, 10)_R=20": 1.3383951459443835, "kernels=(60, 60, 10)_R=25": 1.9176118002045617, "kernels=(60, 60, 10)_R=30": 2.1518921591967155, "kernels=(60, 60, 10)_R=35": 2.4226434661476235, "kernels=(60, 60, 10)_R=40": 2.7109211139211844, "kernels=(60, 70, 0)_R=20": 1.1986439618371298, "kernels=(60, 70, 0)_R=25": 1.478186442863298, "kernels=(60, 70, 0)_R=30": 1.7637727924093458, "kernels=(60, 70, 0)_R=35": 2.037627893024044, "kernels=(60, 70, 0)_R=40": 2.3019530617451034, "kernels=(60, 70, 10)_R=20": 1.1986439621094114, "kernels=(60, 70, 10)_R=25": 1.410361704366557, "kernels=(60, 70, 10)_R=30": 1.7106883734649385, "kernels=(60, 70, 10)_R=35": 1.9967489955662956, "kernels=(60, 70, 10)_R=40": 2.320802227328677, "kernels=(60, 80, 0)_R=20": 1.1842066042941062, "kernels=(60, 80, 0)_R=25": 1.3108994517337043, "kernels=(60, 80, 0)_R=30": 1.675081270405046, "kernels=(60, 80, 0)_R=35": 1.9214982795635644, "kernels=(60, 80, 0)_R=40": 2.1397354951281624, "kernels=(60, 80, 10)_R=20": 1.1842066045247057, "kernels=(60, 80, 10)_R=25": 1.292978588941509, "kernels=(60, 80, 10)_R=30": 1.6530330313367978, "kernels=(60, 80, 10)_R=35": 1.888054288946432, "kernels=(60, 80, 10)_R=40": 2.1184064815551493, "kernels=(60, 90, 0)_R=20": 1.1791742106914567, "kernels=(60, 90, 0)_R=25": 1.2231008438422035, "kernels=(60, 90, 0)_R=30": 1.6633810820113955, "kernels=(60, 90, 0)_R=35": 1.6200380300767319, "kernels=(60, 90, 0)_R=40": 1.8478908718147762, "kernels=(60, 90, 10)_R=20": 1.179174207538861, "kernels=(60, 90, 10)_R=25": 1.2231008231372442, "kernels=(60, 90, 10)_R=30": 1.639372647041744, "kernels=(60, 90, 10)_R=35": 1.626760649322304, "kernels=(60, 90, 10)_R=40": 1.8526351690458933, "kernels=(70, 50, 0)_R=20": 1.630460127606138, "kernels=(70, 50, 0)_R=25": 2.2460570336990924, "kernels=(70, 50, 0)_R=30": 2.6602160776679025, "kernels=(70, 50, 0)_R=35": 2.9875336809827795, "kernels=(70, 50, 0)_R=40": 3.346112436431446, "kernels=(70, 50, 10)_R=20": 1.630454086305272, "kernels=(70, 50, 10)_R=25": 2.151636326689638, "kernels=(70, 50, 10)_R=30": 2.558879247310802, "kernels=(70, 50, 10)_R=35": 2.9508245538639457, "kernels=(70, 50, 10)_R=40": 3.349975516212688, "kernels=(70, 60, 0)_R=20": 1.4734062033469069, "kernels=(70, 60, 0)_R=25": 2.0628499314659043, "kernels=(70, 60, 0)_R=30": 2.417881399458331, "kernels=(70, 60, 0)_R=35": 2.679790474135228, "kernels=(70, 60, 0)_R=40": 2.9884887992939375, "kernels=(70, 60, 10)_R=20": 1.4734062147481648, "kernels=(70, 60, 10)_R=25": 1.986189896685203, "kernels=(70, 60, 10)_R=30": 2.3665305505331036, "kernels=(70, 60, 10)_R=35": 2.6753779086416594, "kernels=(70, 60, 10)_R=40": 3.0461035263381877, "kernels=(70, 70, 0)_R=20": 1.1986439613865767, "kernels=(70, 70, 0)_R=25": 1.5999916116666923, "kernels=(70, 70, 0)_R=30": 1.9104664889726393, "kernels=(70, 70, 0)_R=35": 2.169951512345248, "kernels=(70, 70, 0)_R=40": 2.446656807596167, "kernels=(70, 70, 10)_R=20": 1.1986439615404567, "kernels=(70, 70, 10)_R=25": 1.5016451139313538, "kernels=(70, 70, 10)_R=30": 1.8437557997003404, "kernels=(70, 70, 10)_R=35": 2.1149539871319174, "kernels=(70, 70, 10)_R=40": 2.433214565187314, "kernels=(70, 80, 0)_R=20": 1.1842066037041579, "kernels=(70, 80, 0)_R=25": 1.3108992730169464, "kernels=(70, 80, 0)_R=30": 1.675081283558749, "kernels=(70, 80, 0)_R=35": 1.9214981425127176, "kernels=(70, 80, 0)_R=40": 2.1397354908175332, "kernels=(70, 80, 10)_R=20": 1.1842066028536826, "kernels=(70, 80, 10)_R=25": 1.2929784159506552, "kernels=(70, 80, 10)_R=30": 1.653033030002621, "kernels=(70, 80, 10)_R=35": 1.888054094088689, "kernels=(70, 80, 10)_R=40": 2.1184063963282713, "kernels=(70, 90, 0)_R=20": 1.1791742138898678, "kernels=(70, 90, 0)_R=25": 1.223100809361025, "kernels=(70, 90, 0)_R=30": 1.6633810992466227, "kernels=(70, 90, 0)_R=35": 1.6200379748367637, "kernels=(70, 90, 0)_R=40": 1.8523172415642326, "kernels=(70, 90, 10)_R=20": 1.1791742123135243, "kernels=(70, 90, 10)_R=25": 1.223100841620578, "kernels=(70, 90, 10)_R=30": 1.639372725713179, "kernels=(70, 90, 10)_R=35": 1.6267606486677948, "kernels=(70, 90, 10)_R=40": 1.8570580464741178, "kernels=(80, 50, 0)_R=20": 1.5794568891602117, "kernels=(80, 50, 0)_R=25": 2.191260209725839, "kernels=(80, 50, 0)_R=30": 2.748703256273798, "kernels=(80, 50, 0)_R=35": 3.0910547396658616, "kernels=(80, 50, 0)_R=40": 3.482585823187979, "kernels=(80, 50, 10)_R=20": 1.579456904160337, "kernels=(80, 50, 10)_R=25": 2.126683516704973, "kernels=(80, 50, 10)_R=30": 2.6604941042424426, "kernels=(80, 50, 10)_R=35": 3.030793045144649, "kernels=(80, 50, 10)_R=40": 3.4290088656134805, "kernels=(80, 60, 0)_R=20": 1.375878396697963, "kernels=(80, 60, 0)_R=25": 1.9865277829615369, "kernels=(80, 60, 0)_R=30": 2.524605678986284, "kernels=(80, 60, 0)_R=35": 2.794748822909807, "kernels=(80, 60, 0)_R=40": 3.1698509587214465, "kernels=(80, 60, 10)_R=20": 1.3758788558913804,